event,class,param,truth,exozippy,exo_err_hi,exo_err_lo,exo_pull,mmxf_sol0,mmxf_err_sol0,mmxf_pull_sol0,mmxf_sol1,mmxf_err_sol1,mmxf_pull_sol1,mmxf_sol2,mmxf_err_sol2,mmxf_pull_sol2,mmxf_sol3,mmxf_err_sol3,mmxf_pull_sol3,mmxf_sol4,mmxf_err_sol4,mmxf_pull_sol4,mmxf_sol5,mmxf_err_sol5,mmxf_pull_sol5,note
194,omcassan,t_0,2459665.79584682,,2459665.935,0.046,,2459665.809953116,,,2459665.809953116,,,2459665.809953116,,,2459665.809953116,,,2459665.809953116,,,2459665.809953116,,,
194,omcassan,u_0,0.801584,,0.828,0.08,,0.9458711030372506,,,0.9458711030372506,,,0.9458711030372506,,,0.9458711030372506,,,0.9458711030372506,,,0.9458711030372506,,,
194,omcassan,t_E,11.1283,,10.97,0.79,,10.142357848910487,,,10.142357848910487,,,10.142357848910487,,,10.142357848910487,,,10.142357848910487,,,10.142357848910487,,,
194,omcassan,rho,0.00109865,,,,,0.00019990732150969,,,0.00103785038517868,,,0.001245361808547764,,,0.001,,,0.11558685028165236,,,0.001,,,
194,omcassan,s,1.62008,,0.89,0.7,,1.740409056857927,,,1.7546875024758273,,,0.5722942640708719,,,0.5744823262269847,,,0.5820371550639397,,,0.5648658977341015,,,
194,omcassan,q,7.9028e-05,,1.8e-05,1.8e-05,,6.476423306350059e-05,,,3.1099392781659277e-07,,,0.00013010829845186547,,,0.004,,,0.0009090267926474465,,,0.004,,,
194,omcassan,alpha,,,10.0,130.0,,53.56516730729405,,,53.59018387338053,,,231.94050945180663,,,224.5945971981924,,,-117.908376875481,,,-117.41422945143131,,,"no global mapping from the master file's alpha convention exists (measured over all 44 events); reported for the record, not compared"
194,omcassan,mulensinstrument.Roman_W149.err_scale,,,0.9989,0.0033,,,,,,,,,,,,,,,,,,,,
194,omcassan,mulensinstrument.Roman_Z087.err_scale,,,0.968,0.023,,,,,,,,,,,,,,,,,,,,
