event,class,param,truth,exozippy,exo_err_hi,exo_err_lo,exo_pull,note
194,omcassan,t_0,2459665.79584682,2459665.905,0.047,0.041,-2.6622726809142567,
194,omcassan,u_0,0.801584,0.817,0.091,0.081,-0.1903209876543208,
194,omcassan,t_E,11.1283,11.07,0.75,0.72,0.07773333333333217,
194,omcassan,rho,0.00109865,0.00083,0.00058,0.00048,0.4631896551724139,
194,omcassan,s,1.62008,0.99,3.6,0.79,0.17502222222222222,
194,omcassan,q,7.9028e-05,4e-05,0.0014,4e-05,0.027877142857142857,
194,omcassan,alpha,51.48311461012588,20.0,100.0,140.0,0.3148311461012588,
194,omcassan,mulensinstrument.Roman_W149.err_scale,,0.999,0.0038,0.0037,,
194,omcassan,mulensinstrument.Roman_Z087.err_scale,,0.957,0.027,0.035,,
